Time,L_IMU_Ang,R_IMU_Ang,L_IMU_Vel,R_IMU_Vel,L_Cmd,R_Cmd
1.9073486328125e-06,30.72172305,-3.95861585,-19.5595911590391,-101.115949099103,0.0041514177158049935,0.012287803299198043
0.02560138702392578,30.62159235,-4.45812441,-21.2605208021564,-99.3171954694834,0.019012884693081898,0.05641842942131961
0.05330228805541992,30.52580818,-4.9221616,-22.7030702191262,-97.3915078908752,0.04363135676950745,0.13130067164868298
0.07678699493408203,30.38857908,-5.42303301,-23.8835793937651,-95.3463949445114,0.07154871586830247,0.22301759704182478
0.10112595558166504,30.26188414,-5.89090576,-24.7985012613931,-93.1900580060889,0.09722898199487472,0.32224855594236446
0.12700676918029785,30.11914039,-6.36819661,-25.444739140841,-90.9312104116244,0.11684848303685513,0.4225233316655782
0.1503305435180664,29.97873142,-6.82168542,-25.8199937539801,-88.578871068253,0.12859244098051645,0.5190429167282916
0.1738269329071045,29.83813601,-7.26170002,-25.9231075103431,-86.1421343202561,0.1323276174089555,0.6080680408135616
0.19737553596496582,29.69530586,-7.69297703,-25.7543947081128,-83.6299189894004,0.129103410032166,0.6867015266469014
0.22278523445129395,29.60646323,-8.06127045,-25.3159476121859,-81.0507006698439,0.12063309109919162,0.7528564250339862
0.24606966972351074,29.42684934,-8.51471681,-24.6119098952238,-78.4122325211617,0.10883864505901863,0.8052840883003299
0.26982593536376953,29.30229238,-8.90651104,-23.6487105602259,-75.7212609205387,0.09551382033051278,0.8435614967454438
0.29328465461730957,29.18678927,-9.28323812,-22.4352531184684,-72.9832433798694,0.08212432893621185,0.8679966695022607
0.3173654079437256,29.11519472,-9.60873847,-20.983056405619,-70.2020770901368,0.069715336248572,0.8794901794710859
0.34090328216552734,28.98089137,-9.99378027,-19.3063449005503,-67.3798472559722,0.0588923815928745,0.8793964999934183
0.3645644187927246,28.89347347,-10.3265236,-17.4220876963001,-64.5166049540152,0.049860106752727895,0.8693897297781459
0.3879973888397217,28.81940638,-10.64046832,-15.3499863225612,-61.6101845205271,0.0424987936190657,0.8513166652976525
0.41143274307250977,28.75614864,-10.93746725,-13.112412427545,-58.65607038039,0.03645394444804175,0.8270564638184812
0.43488144874572754,28.7031968,-11.21767155,-10.7342969089309,-55.6473227269337,0.031227947576506022,0.7984073621385239
0.45848560333251953,28.66222939,-11.47880227,-8.24297245284496,-52.5745704889174,0.026266745599878783,0.7669989704854474
0.4819657802581787,28.6554083,-11.71601079,-5.66797162671519,-49.426078538264,0.021032696295361277,0.7342296198504166
0.5054161548614502,28.61451757,-11.94545293,-3.04078273649349,-46.1878941119708,0.015057169272123494,0.7012284032829522
0.5289981365203857,28.60566746,-12.15808002,-0.394565683153737,-42.8440749919616,0.007975507177068275,0.6688410813108484
0.5526175498962402,28.61069535,-12.34886158,2.23616986991155,-39.376999196664,-0.0004486906862070983,0.637633296340206
0.5760588645935059,28.62329097,-12.52514256,4.81592149906336,-35.7677529147104,-0.010314714148870275,0.6079077715498731
0.5994532108306885,28.65607353,-12.68154797,7.30858329084792,-31.9965902818944,-0.021588168547492206,0.579731801259305
0.6231718063354492,28.68602589,-12.81720095,9.67786391627585,-28.0434555115557,-0.034110824210212276,0.5529692038769529
0.6578037738800049,28.74114587,-12.95021279,11.8877293188571,-23.8885549806652,-0.047614562694536094,0.5273150730182169
0.6853106021881104,28.79184368,-13.04415753,13.9028649671189,-19.5129642875294,-0.06173781522512048,0.5023288023693123
0.7123029232025146,28.85964823,-13.12837682,15.6891516689402,-14.8992531750309,-0.0760447191440165,0.47746434710876606
0.7393708229064941,28.93611909,-13.19327518,17.2141479491384,-10.0321096748376,-0.09004209643538899,0.45210149980188785
0.7662596702575684,29.02418659,-13.2348826,18.4475710178434,-4.89894397361174,-0.10319603949204455,0.42557278933688325
0.7935059070587158,29.10839995,-13.2759577,19.3617674834644,0.509547590413563,-0.11494998018706992,0.3971857353555867
0.8221104145050049,29.20076753,-13.26972789,19.9321642704459,6.19887728536226,-0.12473927456867409,0.3662434160089279
0.8512728214263916,29.32646552,-13.21214652,20.1376897628419,12.1703368839808,-0.13199853942815198,0.33206208312763824
0.8758716583251953,29.42747632,-13.15343427,19.9611550762985,18.4206598568703,-0.13617916390174453,0.2939861253979341
0.8992185592651367,29.50712996,-13.09424424,19.3895856058901,24.9417871563731,-0.13676553040689574,0.2514095122418722
0.922821044921875,29.64088479,-12.92760514,18.4144936165791,31.7207455193318,-0.13330463018141125,0.20381869553092896
0.9463825225830078,29.69626818,-12.81446072,17.0320836217856,38.7396434721492,-0.12551046259701562,0.15082316616695193
0.9715616703033447,29.81948731,-12.57160289,15.2433835946882,45.9757862473533,-0.11339987811633057,0.09218630036088099
0.9948673248291016,29.8956544,-12.3352781,13.0542966355383,53.4019067903695,-0.09737086723984566,0.02792354283441345
1.0186042785644531,29.90191916,-12.1269212,10.4755695298081,60.9865061367055,-0.07813775358540387,-0.04157784992349085
1.0421662330627441,30.01453681,-11.73507112,7.52267661818714,68.6942928441537,-0.056594937011077845,-0.11523674887092583
1.0662105083465576,30.04693892,-11.3777525,4.21561950417497,76.4867080368997,-0.03357300386420805,-0.19033189832925795
1.089815616607666,30.06528627,-10.97266662,0.578645291272354,84.3225201006297,-0.009427130627938618,-0.26224190262087327
1.1136400699615479,30.07024925,-10.5192337,-3.36011179342815,92.1584712612021,0.016029531019707267,-0.3260387003085558
1.1409199237823486,30.02952289,-10.04774831,-7.5690584587055,99.9499572321031,0.043170249467234495,-0.377989666158058
1.1667189598083496,29.97784007,-9.52389864,-12.0136312973154,107.651720798243,0.07231854759226389,-0.4158351755688167
1.190800428390503,29.89766943,-8.960406,-16.6568362840335,115.218540545686,0.10370575363117172,-0.4386827999685083
1.2143945693969727,29.80650411,-8.35244135,-21.4598273272682,122.605896902488,0.13745669889950116,-0.44687610765868135
1.2380857467651367,29.6822436,-7.70975244,-26.382511619927,129.77059916839,0.17358817562782183,-0.4418151243548408
1.261584758758545,29.53930859,-7.02494256,-31.3841691502637,136.671359238397,0.21201648362219055,-0.42570598252206104
1.2851369380950928,29.36628069,-6.31330927,-36.4240736829968,143.269300208508,0.2525542384725116,-0.40126448096009537
1.308713436126709,29.16730567,-5.57122138,-41.4621027661561,149.528390876143,0.2949179948515219,-0.371403083516203
1.335698127746582,28.96459682,-4.78070008,-46.4593248365958,155.415800201999,0.33875268608448866,-0.338939275333079
1.3627753257751465,28.69142865,-4.00535757,-51.3785522682618,160.902168929827,0.3836536337232901,-0.3063635670558575
1.3896970748901367,28.41222064,-3.1941246,-56.184850213719,165.96179860324,0.4291867109645175,-0.27568655977023565
1.4166762828826904,28.1267532,-2.32974332,-60.8459923165796,170.572761049055,0.4749075780801006,-0.24836835148079467
1.4440762996673584,27.80974468,-1.46200275,-65.3328557859044,174.716933895545,0.5203782994305299,-0.22531549452286584
1.469534158706665,27.46105037,-0.59540019,-69.6197498652879,178.379969775336,0.5651813140286558,-0.2069285450511841
1.4928383827209473,27.1243098,0.32802345,-73.6846733410812,181.551208496297,0.6089302163886265,-0.19318152021958745
1.5164461135864258,26.71914363,1.21332861,-77.509498360313,184.22354260268,0.6512770167016132,-0.18371562033540362
1.5399458408355713,26.34587052,2.15672295,-81.0800794315708,186.393247347143,0.6919173767864376,-0.177936692607822
1.5639901161193848,25.90548909,3.06530756,-84.3862880566823,188.059786160555,0.7305935665751943,-0.17510623757958632
1.5875988006591797,25.47125574,3.99972305,-87.4219749696287,189.225602225154,0.7670949892078153,-0.17441882718165883
1.6148993968963623,25.03426179,4.9414312,-90.1848634292341,189.89590577499,0.8012578087022373,-0.17506574578149472
1.6422104835510254,24.5770261,5.8829712,-92.6763783992739,190.078465346039,0.8329630734982072,-0.17628218308319266
1.6690850257873535,24.10604396,6.82372372,-94.9014176999079,189.783409449713,0.8621332687986893,-0.17737789885385224
1.6960608959197998,23.62496995,7.76321924,-96.8680722974157,189.023043189927,0.888728851598449,-0.17775614105100726
1.723419189453125,23.12045045,8.68869555,-98.5873037812098,187.811682291163,0.9127446118490625,-0.17692236528160363
1.7511510848999023,22.64319347,9.63010034,-100.072587736848,186.165504954626,0.9342060801772014,-0.17448536130365416
1.7795329093933105,22.14338891,10.55522205,-101.339532160223,184.102420041431,0.9531658940417733,-0.17015258432244257
1.8073077201843262,21.63195469,11.46688224,-102.405480253233,181.641948386059,0.9696995755901133,-0.1637202138153919
1.8341052532196045,21.10686963,12.36001395,-103.289106882217,178.805112645231,0.9839018273917319,-0.1550620065276844
1.861957311630249,20.60529504,13.26029351,-104.010017692288,175.61433007801,0.9958836737468462,-0.14411909732563685
1.8893847465515137,20.05940396,14.10020618,-104.588359362084,172.093302048947,1.0057695382477705,-0.1308892461029254
1.9162395000457764,19.57182228,14.99980302,-105.044448777185,168.266893886194,1.013694075196837,-0.11541593915139821
1.9431307315826416,19.02581392,15.81008716,-105.398428009849,164.160999040606,1.0197994444332141,-0.09777922751850668
1.9705500602722168,18.52553213,16.65937042,-105.669950909789,159.802382263014,1.0242330262894028,-0.07808818697249792
1.9957778453826904,17.98435849,17.43739139,-105.87790587031,155.218497749386,1.02714520040283,-0.056474612680387004
2.0189671516418457,17.47058011,18.22445669,-106.040177969507,150.43727982377,1.0286873726783676,-0.033087919457230976
2.0422863960266113,16.94317922,18.97349032,-106.173452247981,145.486905630565,1.0290101830597345,-0.008091008540120726
2.0656580924987793,16.41816445,19.70020133,-106.293058449243,140.395531389338,1.0282618404485455,0.018343234662882325
2.0901005268096924,15.87930488,20.38819369,-106.412856176001,135.191005887443,1.0265866856173098,0.0460349134210766
2.113602638244629,15.34747938,21.05574072,-106.545158161459,129.90056691151,1.024124077087612,0.07479943044731847
2.137113094329834,14.81801562,21.69996864,-106.700688286481,124.550528144531,1.0210075477599856,0.10444938344338102
2.1604483127593994,14.28096129,22.30820964,-106.888570123908,119.165965566655,1.0173640080336044,0.13479667737420709
2.183842658996582,13.74452918,22.8892128,-107.116341173135,113.770413505502,1.0133131041142007,0.1656547482822214
2.2072505950927734,13.20577674,23.44069519,-107.389987581845,108.385581144826,1.0089667721189934,0.1968405994872292
2.2345402240753174,12.6657005,23.96479782,-107.713994020336,103.031100458165,1.0044290605056958,0.2281773179216442
2.261605739593506,12.12432792,24.46170282,-108.091403474353,97.7243161720579,0.9997960474144796,0.25949662836330306
2.288449287414551,11.57772135,24.92915971,-108.523882046099,92.4801274861902,0.9951553296427147,0.29064076039144293
2.3153786659240723,11.02874039,25.3668202,-109.011784363795,87.3108898937793,0.9905855920220017,0.3214641060582031
2.3392457962036133,10.48082338,25.7823329,-109.554215886002,82.2263836143979,0.9861565804180554,0.35183504348459327
2.362732410430908,9.92798462,26.16938943,-110.149089207293,77.2338529271379,0.9819290131569507,0.3816379006878141
2.386345386505127,9.36830899,26.52864712,-110.79317238159,72.3381181511494,0.977954404546093,0.4107747660324308
2.409609794616699,8.80834591,26.86645346,-111.482128248061,67.5417592717959,0.9742749430436334,0.4391665841072294
2.4330339431762695,8.24613306,27.18154669,-112.210544720328,62.8453673607713,0.9709234038266594,0.46675343277161724
2.456479549407959,7.69526616,27.48342977,-112.971956928386,58.2478571089175,0.9679231097594917,0.4934939470303061
2.4800078868865967,7.12350854,27.75344724,-113.758862954093,53.7468311228791,0.9652875774149845,0.5193650183572192
2.5033655166625977,6.54801943,28.00384554,-114.562735623086,49.3389842478971,0.9630199210341864,0.5443615911162017
2.5266950130462646,5.96007481,28.22735017,-115.374033392511,45.0205341881223,0.9611127128746951,0.5684944559057648
2.550069570541382,5.39359482,28.45300011,-116.182213801425,40.7876632034715,0.9595481583979357,0.5917863384641019
2.5769424438476562,4.80882292,28.64774327,-116.975753202778,36.6369547470223,0.9582980974392687,0.6142685332861801
2.604085922241211,4.2230685,28.8271148,-117.742176568216,32.5658086500295,0.9573238063688202,0.6359786153588886
2.6309142112731934,3.64671555,29.00650872,-118.468101019165,28.5728189069509,0.9565759572154886,0.6569569930311127
2.657930374145508,3.04731073,29.14305795,-119.139296372779,24.6580992686247,0.9559949559084449,0.67724303895957
2.685753107070923,2.43463531,29.2527137,-119.740765423683,20.8235436842829,0.9555114505317335,0.6968721189761067
2.713876962661743,1.87587509,29.40099289,-120.25684593225,17.0730110565882,0.9550468167499236,0.7158710775946912
2.742805242538452,1.25591361,29.4686498,-120.671335382063,13.4124266725229,0.9545137561004341,0.734255014378943
2.766085624694824,0.66466137,29.54899743,-120.967638548745,9.84979591265845,0.9538170127799397,0.7520264800394157
2.7897725105285645,0.04418599,29.57810242,-121.128936820938,6.39512926418767,0.9528542872068521,0.7691731651873219
2.8132059574127197,-0.55993799,29.60992555,-121.138377070909,3.06028110176716,0.9515172483507357,0.7856662203092891
2.8371737003326416,-1.10681619,29.68323207,-120.979276752586,-0.141292004757359,0.9496925084727317,0.8014582418840264
2.8607306480407715,-1.72891001,29.65501369,-120.635340833563,-3.1948446898162,0.9472631379500875,0.8164836974607262
2.887653350830078,-2.36492121,29.58824164,-120.090885197631,-6.0847165446647,0.9441105786998012,0.8306629728112447
2.9159603118896484,-2.89533601,29.62038545,-119.331060363778,-8.79475283882284,0.9401160309258622,0.8439003217201944
2.9441282749176025,-3.55761315,29.48447576,-118.342068831634,-11.3087574892135,0.9351619227149444,0.8560849909747574
2.9713737964630127,-4.14764821,29.41164912,-117.111369178713,-13.6109630021695,0.9291354916173177,0.8670985960263293
2.998361825942993,-4.73400866,29.32283865,-115.627860229514,-15.6865023543611,0.9219306831722829,0.8768155489208536
3.022949695587158,-5.31174334,29.22562549,-113.882039166326,-17.521868733716,0.9134456960085781,0.8851033938561269
3.0465292930603027,-5.81248171,29.19613446,-111.866128306127,-19.1053505765278,0.9035822423127912,0.891825407668362
3.07462477684021,-6.44578084,29.0031969,-109.574166337477,-20.4274312204576,0.892248178313354,0.8968461091975386
3.098231077194214,-6.98907398,28.89640106,-107.00206102852,-21.4811445697379,0.8793604846070189,0.9000375483851409
3.1216907501220703,-7.52784219,28.77678933,-104.147601776216,-22.2623803117653,0.8648483516326911,0.9012785977356517
3.1466903686523438,-8.04571381,28.6655192,-101.010431831085,-22.770134317529,0.8486541854905632,0.9004561954083233
3.1699459552764893,-8.48573718,28.61925866,-97.5919815410152,-23.0067017633654,0.830731078142833,0.8974663568530833
3.193833351135254,-9.03398935,28.43949166,-93.8953654090948,-22.9778120775858,0.8110422358671253,0.8922174656311346
3.2206225395202637,-9.44176864,28.39599538,-89.9252470438641,-22.6927059375248,0.7895622065352094,0.8846337559825305
3.2475814819335938,-9.93485929,28.23546372,-85.6876771688091,-22.1641552170547,0.7662771742408936,0.8746527239029818
3.2749199867248535,-10.30919272,28.18820779,-81.1899107437249,-21.4084270833074,0.7411865423667727,0.8622265043080461
3.3027536869049072,-10.74009541,28.04933135,-76.440209931844,-20.4451934670429,0.7143058029394563,0.8473248771153085
3.3332197666168213,-11.07574504,27.99841994,-71.4476401181239,-19.297386990247,0.6856641444473072,0.8299355914397323
3.362701892852783,-11.44680155,27.87326141,-66.2218664123591,-17.9910042268521,0.6552963273569408,0.8100628831847673
3.3864147663116455,-11.76052345,27.79099035,-60.7729580303802,-16.5548569998372,0.6232406326412401,0.7877279799376193
3.4101920127868652,-12.03822657,27.71789462,-55.1112076361205,-15.0202723803429,0.5895458366296039,0.762965481916281
3.4341907501220703,-12.27501337,27.67658734,-49.2469721373695,-13.4207422265634,0.5542756644908174,0.7358134586157337
3.458397626876831,-12.51945105,27.57396714,-43.1905405599617,-11.7915235294094,0.5174980413741446,0.7063110697763846
3.482457160949707,-12.71310524,27.51231313,-36.9520335119586,-10.1691915510743,0.47927504696309264,0.6745069218137936
3.5068907737731934,-12.86475452,27.46375717,-30.5413374348749,-8.59114877160565,0.4396754402772234,0.640456659341512
3.5307974815368652,-13.00636921,27.40517596,-23.9680754022808,-7.09509400181502,0.3988016241691686,0.6041983083473986
3.554809808731079,-13.10238501,27.36684683,-17.241614746445,-5.71845764010979,0.35680398987372697,0.565726522185173
3.584162712097168,-13.16097763,27.32837403,-10.3711103375035,-4.49781085958155,0.31388575979113936,0.5248750337585455
3.608332872390747,-13.20392734,27.29031886,-3.36558097877436,-3.46825839673455,0.27041312116751925,0.4808654079545358
3.637416124343872,-13.20467771,27.26989631,3.76598482591464,-2.66282644681658,0.22693972209149835,0.4321631388551537
3.666810989379883,-13.16674187,27.25177787,11.0144984776256,-2.11185882030207,0.18392212878089814,0.3772271724631511
3.696347951889038,-13.09404264,27.24399363,18.3706217587342,-1.8424358453995,0.1415346320735726,0.3151899136560017
3.7263405323028564,-12.9863485,27.23547275,25.8246041701394,-1.87783138147141,0.09979307207010907,0.24599635017700133
3.7559189796447754,-12.86613864,27.2156992,33.3661133474961,-2.23702362739084,0.058637009954312314,0.17045682249103972
3.784834623336792,-12.65443184,27.23071364,40.9840647574864,-2.93427508808001,0.017699897217416213,0.09030249357006111
3.80867600440979,-12.46976658,27.2018359,48.6664566428931,-3.97879605631503,-0.023832517304124435,0.008563158492069836
3.83327054977417,-12.16765904,27.23001181,56.4002157845986,-5.37450426380204,-0.06689838620669486,-0.07019137103007232
3.857243299484253,-11.87829093,27.20189781,64.1710591405714,-7.11989098158616,-0.11225267998243567,-0.14089788089925206
3.88602614402771,-11.53526767,27.18451493,71.9633758513317,-9.20800087864825,-0.16043671497731493,-0.19937470485276432
3.914724111557007,-11.1615633,27.14083511,79.7601335002528,-11.6265295084139,-0.21182145828145704,-0.24279668918199873
3.9443228244781494,-10.74345704,27.09332661,87.5428118844141,-14.3580385617385,-0.26665316793109456,-0.2696191570293524
3.968459367752075,-10.29518822,27.02001681,95.2913668691669,-17.3802851993385,-0.3250692324687705,-0.27935234906611883
3.992595911026001,-9.80735969,26.93146495,102.98422616941,-20.6666580510446,-0.38708390518851243,-0.27231773101556955
4.018570184707642,-9.27182458,26.82427184,110.598318135931,-24.1867090161624,-0.4525737102005052,-0.24944501896011229
4.042691230773926,-8.69470159,26.69418121,118.109133854049,-27.9067669624768,-0.5212680376149462,-0.21211428149148392
4.066920042037964,-8.09673736,26.53888591,125.490822140129,-31.7906169189022,-0.5927483360288486,-0.1620355676946995
4.090899229049683,-7.42622535,26.38408401,132.716316390058,-35.8002264746919,-0.6664628572199778,-0.10115233565702977
4.114892482757568,-6.75914617,26.17064155,139.757491712848,-39.8964998902892,-0.741752121673593,-0.03154354299459818
4.14541220664978,-6.03905031,25.94983171,146.58535039709,-44.0400399235573,-0.8178860472406804,0.04466761206518369
4.1740522384643555,-5.27510309,25.72533136,153.170233481342,-48.1918975783735,-0.8941073579514609,0.12539364341285417
4.198178052902222,-4.50297906,25.44957018,159.482056012029,-52.314290862497,-0.9696670260531959,0.20865997602661912
4.227550983428955,-3.68862988,25.16438181,165.490563453714,-56.3712751409134,-1.0438525063138726,0.2926721131035666
4.251687288284302,-2.83433627,24.87243147,171.165606617903,-60.3293496956765,-1.1160103614196681,0.37586112219046036
4.275512456893921,-1.9771591,24.54133035,176.477432391702,-64.1579875525245,-1.1855604571981668,0.45690900604372403
4.30025315284729,-1.07775989,24.20600506,181.396987445515,-67.8300783869795,-1.2520040217971367,0.5347599935627657
4.324306488037109,-0.16458912,23.8470521,185.896231950941,-71.3222772480932,-1.314927118440079,0.6086171841490452
4.3536152839660645,0.78601043,23.49608899,189.948460154065,-74.6152548181018,-1.373998232539662,0.6779247458546473
4.382583141326904,1.74694479,23.11315884,193.528624413859,-77.6938478440625,-1.428961952159871,0.7423426448077513
4.4121294021606445,2.70030137,22.69074205,196.613659018188,-80.5471111329102,-1.479629823208876,0.8017175874806988
4.441240310668945,3.68228403,22.27445154,199.182799760148,-83.1682750360486,-1.5258701741740424,0.8560487712042644
4.471528768539429,4.70820865,21.88935727,201.217894877111,-85.5546146056337,-1.5675994439401606,0.905453125791496
4.5016608238220215,5.69691634,21.43836443,202.703702554907,-87.7072385403615,-1.6047723407421994,0.950135602697476
4.531448841094971,6.71395099,21.00051495,203.628169830861,-89.6308076144802,-1.6373722415370118,0.9903642234456971
4.561185598373413,7.72961308,20.54405716,203.982687409471,-91.3331934618846,-1.665405205931344,1.026447604627807
4.590666055679321,8.76675654,20.10836099,203.762314699107,-92.8250893840286,-1.6888950952702075,1.0587152553658505
4.61929988861084,9.75843486,19.61404024,202.965969302783,-94.1195852885373,-1.7078785860925842,1.087502599228668
4.6483025550842285,10.78820162,19.1628895,201.596575262561,-95.2317189726658,-1.722402593185079,1.1131408701440806
4.672878742218018,11.7921304,18.68365172,199.661164607651,-96.1780157843147,-1.7325240583326946,1.135949823623211
4.696834087371826,12.733687,18.16214977,197.170927192278,-96.9760282480153,-1.7383079963673929,1.156231406920009
4.725433349609375,13.77534061,17.72483251,194.141204434112,-97.6438865514338,-1.739829182225143,1.1742685167570728
4.754392623901367,14.6879623,17.19629228,190.591423426492,-98.1998698696575,-1.7371744186638178,1.190324405886298
4.783567667007446,15.70193245,16.7580962,186.544969021618,-98.6620073500664,-1.7304418764332299,1.2046400676372715
4.8130574226379395,16.62876834,16.26844199,182.028992882212,-99.0477161792491,-1.7197436158794468,1.2174348174701353
4.841952800750732,17.53011981,15.7740567,177.074160190343,-99.3734825410154,-1.7052047894610167,1.2289041303437607
4.870179653167725,18.39695102,15.27557729,171.714336577973,-99.6545895051479,-1.6869630461095853,1.239219151780489
4.8987250328063965,19.24663529,14.7784437,165.986219779745,-99.9048940734004,-1.6651711795563893,1.2485299366802143
4.922492742538452,20.06673504,14.2785971,159.928922363169,-100.136653876932,-1.6399982658702053,1.256966819030377
4.952693939208984,20.85215398,13.77795367,153.583513522164,-100.360402449772,-1.6116294031344987,1.2646395656055214
4.982948303222656,21.60415006,13.27526679,146.992529282249,-100.584870667045,-1.5802642519766126,1.271636241915705
5.013042211532593,22.3204658,12.76960597,140.199461508191,-100.816950853908,-1.5461157277917836,1.2780242508718977
5.036624908447266,23.00507468,12.26445905,133.248236793635,-101.061699245939,-1.5094088241398507,1.283851633687446
5.0606231689453125,23.64746912,11.75361785,126.182696644956,-101.322371928437,-1.470378993378838,1.289147876046598
5.084351301193237,24.25655483,11.24257191,119.046090326041,-101.600489091595,-1.4292701626394928,1.2939250484732678
5.108274936676025,24.82458868,10.72763093,111.880591301836,-101.895922392447,-1.3863327173444364,1.2981796536783774
5.132236003875732,25.35832093,10.21174046,104.726847444164,-102.207000405925,-1.3418213862613848,1.3018950418698496
5.161583423614502,25.90574214,9.72351497,97.6235740579521,-102.530627531013,-1.2959936285455704,1.3050463547329358
5.190271615982056,26.32331308,9.18167217,90.6071974004237,-102.862412261869,-1.2491046132958286,1.3075995245851473
5.220009803771973,26.75045063,8.65503267,83.7115547437518,-103.196801408638,-1.2014034408108785,1.3095106205198943
5.2497029304504395,27.14546455,8.13469669,76.9676551917904,-103.527217615393,-1.1531356353495317,1.310735750344489
5.2790141105651855,27.50948872,7.62341474,70.4035034635756,-103.846198353838,-1.1045408232983167,1.3112344980871455
5.308413028717041,27.83868568,7.09151988,64.0439867700947,-104.145535410497,-1.055847292792105,1.3109714896652942
5.337353944778442,28.13901044,6.57076829,57.9108228453796,-104.416414654778,-1.0072660963251097,1.3099167432898629
5.366296291351318,28.41149569,6.04652227,52.0225652761557,-104.649556516864,-0.9589896249832326,1.3080420579623995
5.3952717781066895,28.65715712,5.53260732,46.3946605980369,-104.835358058901,-0.9112005337642185,1.3053250774686564
5.424090623855591,28.87208225,5.00584536,41.0395502611713,-104.964037749999,-0.8640757874145841,1.3017540588850998
5.453406572341919,29.06978123,4.48643578,35.9668095745694,-105.025784048509,-0.8177840010499801,1.297329702909468
5.4791882038116455,29.24059008,3.96498619,31.1833151480849,-105.010908646999,-0.7724829240230857,1.292062675485118
5.502766132354736,29.39406208,3.44546506,26.693432183556,-104.910004756074,-0.728312285230542,1.285968973919494
5.526485919952393,29.52423319,2.92667648,22.4992132303294,-104.714110139017,-0.6853897856491171,1.2790658156790489
5.550333261489868,29.63637684,2.4095211,18.600600689045,-104.414873786019,-0.6438189964123255,1.2713700749315433
5.574410438537598,29.73034217,1.89402677,14.9956263802019,-104.004724186625,-0.6036952994366431,1.2629032367777746
5.5984601974487305,29.80614825,1.37909386,11.6806028239851,-103.47703618102,-0.5650975353321703,1.253695623540291
5.622788667678833,29.86744909,0.86961887,8.65030241596075,-102.826292389095,-0.5280819481051938,1.2437844322956197
5.646609544754028,29.91149454,0.36122997,5.89812233356081,-102.048234307942,-0.49269255580845717,1.2332074465637366
5.670475006103516,29.94208286,-0.14266416,3.41623466032355,-101.139997388448,-0.4589654943829272,1.221998943789731
5.701239585876465,29.95640667,-0.64447875,1.19572275760357,-100.100223804757,-0.4269249530606293,1.2101871738175967
5.7317259311676025,29.95516008,-1.14447815,-0.773293759834258,-98.9291462856995,-0.39658436125953384,1.1977963837124788
5.762592792510986,29.94385036,-1.63606384,-2.50154207573075,-97.6286363296571,-0.36794866845972196,1.1848553808641453
5.794634819030762,29.92419885,-2.1241173,-4.00048326223556,-96.2022104073008,-0.34101967410632417,1.1713951330033732
5.818946838378906,29.88939218,-2.60504693,-5.28219923739193,-94.6549884094713,-0.3157989473759812,1.1574368316148473
5.84841775894165,29.84950918,-3.08163085,-6.35927569576096,-92.9935996134965,-0.29228091217008506,1.14298829817027
5.877466440200806,29.80267663,-3.54760458,-7.24467783305658,-91.2260328159896,-0.27044679121160575,1.128048424720468
5.90243935585022,29.75073211,-4.00824129,-7.9516167912095,-89.361428992319,-0.25026705869558896,1.112612997508009
5.926379203796387,29.69737809,-4.46009782,-8.49340616485988,-87.4098168376983,-0.23170581891838454,1.0966821064982593
5.9512317180633545,29.64671514,-4.90028323,-8.88330952735713,-85.3817937783959,-0.21472267629609246,1.0802676958019792
5.9752421379089355,29.59153775,-5.33405948,-9.13438162760686,-83.2881574344066,-0.19926657229530031,1.063395070977682
6.0046067237854,29.53909955,-5.7561267,-9.25930754424022,-81.1394949757828,-0.18526783995906082,1.0460993275262498
6.033649206161499,29.49096392,-6.16445189,-9.27024553166482,-78.9457402555753,-0.1726422278681286,1.028422142181425
6.062495946884155,29.44415573,-6.56270836,-9.17868043608997,-76.7157109096106,-0.16129747858044108,1.0104041225933948
6.091515064239502,29.40146643,-6.94715887,-8.99529529967077,-74.4566396692339,-0.15113610886132225,0.9920759946708149
6.120334625244141,29.36664713,-7.31814311,-8.72986903383928,-72.1737158331977,-0.1420583788131028,0.9734556420218704
6.150431394577026,29.33011358,-7.67378296,-8.39120778222966,-69.8696540753403,-0.13396323951285816,0.9545422394911466
6.17946982383728,29.29985512,-8.01990093,-7.98711679570249,-67.5443084244165,-0.12673754442944726,0.9352877126349555
6.209304332733154,29.27400091,-8.34888144,-7.52441832969459,-65.1943492724671,-0.12024090043450278,0.9155648857806444
6.238248348236084,29.24770239,-8.66267611,-7.00901930065069,-62.81302057862,-0.11431877922716947,0.8952007118290514
6.26276421546936,29.22855893,-8.96009795,-6.44603028647012,-60.3899930043729,-0.10883474470044355,0.8740474112244571
6.286721706390381,29.20789434,-9.24311738,-5.83993503069372,-57.9113265370392,-0.10368695401676849,0.8520068557013414
6.3109540939331055,29.19012359,-9.51133709,-5.19480703150276,-55.3595532415139,-0.0988080688647783,0.829025563732662
6.334656238555908,29.18174358,-9.75039882,-4.51456719660915,-52.7138871923835,-0.09415900578230672,0.8050883689568785
6.35848593711853,29.16103449,-9.99850926,-3.8032740585587,-49.9505644696264,-0.08971981007823164,0.7801990809294709
6.38676381111145,29.1476795,-10.22114095,-3.06543580534847,-47.0433114861732,-0.0854804624549538,0.7543646248988293
6.410405397415161,29.13706,-10.42895938,-2.30633151481367,-43.9639350357002,-0.08143246131660296,0.7275852878901866
6.4342405796051025,29.12677592,-10.62305171,-1.53232759679329,-40.6830225010416,-0.0775599562282773,0.6998376558951311
6.4580957889556885,29.11608951,-10.80404632,-0.751174629411161,-37.1707358572308,-0.07383249909716093,0.6710556680044326
6.4822118282318115,29.10718846,-10.96556599,0.0277304181359597,-33.3976786583433,-0.07019992142041642,0.6411184952261544
6.506227016448975,29.10273321,-11.11623832,0.793131126661153,-29.3358113155461,-0.06658750627826653,0.6098498744410054
6.53519606590271,29.09794645,-11.24908639,1.53176117372093,-24.9593868569937,-0.06289327585602988,0.5770228275528363
6.564630508422852,29.09548662,-11.36562269,2.22826819638861,-20.2458771898633,-0.058988399562710674,0.5423632499389911
6.5945024490356445,29.09633328,-11.46374177,2.86522138214544,-15.1768588062051,-0.05471838527039165,0.5055537981568604
6.618677377700806,29.10707217,-11.54654415,3.42320941478992,-9.73882699960401,-0.049901365580183064,0.46624068741807
6.642652273178101,29.10648736,-11.59812331,3.88103223017368,-3.92390903838157,-0.04433109943585273,0.42404392213146613
6.66845965385437,29.10790866,-11.62720989,4.21598659167705,2.26955063706927,-0.037796681407740645,0.37858344745803174
6.692495107650757,29.12388725,-11.61978177,4.40424190327401,8.83655633446148,-0.03008685214763839,0.3295216285875189
6.721640110015869,29.13680364,-11.58555445,4.42129907456477,15.7651964710191,-0.021008468516593725,0.2765773752714606
6.7509989738464355,29.15221844,-11.51374147,4.24252178233586,23.0365610443431,-0.010503071678642999,0.21952638461568036
6.780759811401367,29.16716682,-11.40397031,3.84372628477797,30.6248476153475,0.0012634401505456833,0.15824401774217423
6.809192180633545,29.18151733,-11.25478162,3.20181317314897,38.4976555851864,0.013953471034142132,0.09278182881871133
6.833020925521851,29.19195209,-11.0633152,2.29542220576892,46.6164618392608,0.027141904955043906,0.0234590802741934
6.856909513473511,29.19967301,-10.82877574,1.10558975323208,54.9372643150135,0.04037291590173436,-0.04883926048434763
6.8870649337768555,29.20584682,-10.54203617,-0.383612536857646,63.4113740006869,0.053323611788389395,-0.1219135723348288
6.916926145553589,29.21599772,-10.19902655,-2.18447941834946,71.9863305532109,0.06608373475367987,-0.19211128496649052
6.947985887527466,29.22357105,-9.80633577,-4.30513502157474,80.6069123761935,0.07917757506628131,-0.2555775915168194
6.977935791015625,29.18202662,-9.39197029,-6.74907669063735,89.216208807194,0.09326786932334563,-0.3093735983088741
7.007665634155273,29.15664031,-8.90864226,-9.5148171264307,97.7567201617727,0.10894324438136774,-0.3516498697637668
7.037917375564575,29.1367199,-8.36772118,-12.5956395058992,106.171450826623,0.12668110976653765,-0.3815285010571246
7.061696290969849,29.05774343,-7.82599956,-15.979476930493,114.404961375385,0.1468439107501594,-0.3989910591163606
7.085676670074463,28.98704016,-7.19682851,-19.6489238120261,122.404347754325,0.1696753096134717,-0.4047751999528666
7.1132612228393555,28.89378324,-6.54022777,-23.5813827593344,130.120118850607,0.19530791751081958,-0.400252688225112
7.137323617935181,28.77326772,-5.85038462,-27.7493463214471,137.506948064307,0.22376836914836212,-0.38727568531617806
7.1621253490448,28.63337418,-5.12152511,-32.120808719215,144.524279693589,0.25497850248208226,-0.3679913525050529
7.185912609100342,28.48798589,-4.34522225,-36.6597985982326,151.136776779451,0.2887682125639997,-0.3446410795265107
7.210088014602661,28.27832665,-3.56978223,-41.3270199994337,157.314603297791,0.3248923201663854,-0.31936976424221125
7.233987092971802,28.06202292,-2.75150303,-46.0805853068381,163.033539970649,0.3630448789546531,-0.2940683854839765
7.2581467628479,27.83832053,-1.8975694,-50.8768210165412,168.27493920162,0.40287399774889254,-0.2702697503605035
7.282411336898804,27.54905644,-1.05098581,-55.6711248876724,173.025530482303,0.44399559167860103,-0.24909601227913447
7.306907415390015,27.25791864,-0.16539924,-60.4188514592163,177.277092826844,0.48600529001349124,-0.23125136537356258
7.330912113189697,26.94777078,0.73641464,-65.0762020846587,181.02601516287,0.5284903604633471,-0.21705449337416402
7.354898452758789,26.60454626,1.6466743,-69.601095566891,184.272769001523,0.5710398991640757,-0.20649477915324718
7.3804731369018555,26.24480939,2.5707263,-73.9539961547576,187.02132000292,0.613253095902706,-0.1993004938863548
7.411717176437378,25.82774423,3.47517532,-78.0986770558498,189.278506160219,0.6547464826962051,-0.19501141825627022
7.443094730377197,25.41680016,4.41212229,-82.0028996919994,191.053410236193,0.695160066104376,-0.19304824044703395
7.474218368530273,24.9890904,5.35515648,-85.6389916085259,192.356752816416,0.7341627058950406,-0.1927744554142853
7.504441738128662,24.53714661,6.2988013,-88.9843091397157,193.200329973358,0.7714559843802136,-0.19354608351556327
7.528085708618164,24.10638978,7.26925312,-92.021574503744,193.596516251189,0.8067770554983007,-0.19474925294069792
7.551943063735962,23.62248863,8.21126597,-94.7390807866089,193.557849652742,0.8399006010010862,-0.19582611864877447
7.575928449630737,23.11881882,9.15156096,-97.1307621455908,193.096710748998,0.8706393201730379,-0.19628886819239072
7.600182294845581,22.61892917,10.09830664,-99.1961304259821,192.22510313776,0.8988446483556276,-0.19572721222605838
7.624249458312988,22.10235145,11.03488887,-100.940083152814,190.954537409915,0.9244073146276328,-0.19381019724353124
7.6534647941589355,21.60498231,11.9890597,-102.372591461444,189.296015764019,0.9472567099336614,-0.19028184508559232
7.678616285324097,21.04816442,12.86913006,-103.508279850015,187.26010964565,0.9673596974731095,-0.18495355562441418
7.702559232711792,20.5535533,13.84156156,-104.365912535594,184.857118491578,0.9847186025220183,-0.17769447272772665
7.726723909378052,20.03544351,14.76479446,-104.967803557701,182.097294069385,0.9993691218552194,-0.16842211530476217
7.750722885131836,19.52169586,15.68202974,-105.339169486139,178.991112198754,1.011378501779976,-0.1570941381130002
7.774875640869141,19.00321545,16.58064756,-105.507444578405,175.549571942945,1.0208427389975108,-0.14370018914002144
7.7990334033966064,18.45038362,17.41979787,-105.501578493227,171.784501744313,1.027883165922717,-0.12825474134107662
7.82300877571106,17.9670491,18.32629324,-105.351336221122,167.70885238627,1.032643054055065,-0.11079216740265051
7.852362155914307,17.44964734,19.16942651,-105.086618811222,163.336958021514,1.0352840134122894,-0.0913632960511654
7.876471996307373,16.92908529,19.99057984,-104.736821836049,158.684748718749,1.0359821553390294,-0.07003230743256487
7.905951499938965,16.41382306,20.78614768,-104.330246412005,153.769900902182,1.0349243392326644,-0.04687532187723509
7.935277223587036,15.90046374,21.55516029,-103.893575102667,148.611915554169,1.032304605668543,-0.021980496033127753
7.965327024459839,15.3889588,22.29724097,-103.451422289437,143.232117910032,1.0283204481574253,0.004552071467373508
7.994524002075195,14.87923154,23.01026616,-103.025965713789,137.653576378307,1.0231691869420165,0.032610290785344276
8.018555164337158,14.37295809,23.69524811,-102.636662992936,131.900942395568,1.017044741214978,0.06206961482320104
8.04248857498169,13.86437431,24.3450369,-102.300054068503,126.000216694875,1.010134702735795,0.0927926781556428
8.0685453414917,13.35637977,24.96342336,-102.029647840974,119.978450876548,1.002617769618314,0.1246293601364183
8.092605590820312,12.85033415,25.5494187,-101.835888760091,113.863396106368,0.9946616664862216,0.15741717526217053
8.121622323989868,12.34259736,26.101986,-101.726196947524,107.683113110422,0.9864215598025826,0.190982253864674
8.15097951889038,11.83834745,26.62424942,-101.70507357708,101.465559296198,0.978038963879813,0.22514110607985513
8.18060827255249,11.31892518,27.1046569,-101.774261792955,95.2381697673175,0.9696406689650037,0.2597028101987981
8.21017575263977,10.80627224,27.55550338,-101.932952429713,89.0274491691972,0.9613378043399321,0.2944709858645988
8.239595890045166,10.29026594,27.97273229,-102.178023234099,82.8585907133886,0.9532257156998633,0.32924590928277064
8.269546031951904,9.77329896,28.35818388,-102.504300182587,76.7551374164716,0.945384132076627,0.3638279791302879
8.300029754638672,9.25124069,28.71118713,-102.904829800819,70.7386986089111,0.9378773866200721,0.3980218133218756
8.330073595046997,8.74586781,29.04770521,-103.371152091091,64.8287322335233,0.9307550686004931,0.43163960284623387
8.360081672668457,8.21738166,29.33761676,-103.893564699102,59.0424004770234,0.9240526967567428,0.4645048082713644
8.388747692108154,7.69319149,29.60899112,-104.461370240619,53.3945029945371,0.9177921476127513,0.49645651806491325
8.417079210281372,7.13982244,29.83442862,-105.063100226421,47.8974885448906,0.911982237275683,0.5273529362533225
8.442341566085815,6.60669597,30.05011751,-105.686710719034,42.5615423911274,0.9066198226543266,0.5570728529433284
8.467273712158203,6.08695317,30.25167181,-106.319746661048,37.3947434848894,0.9016912026547491,0.5855150224004085
8.497181177139282,5.5292406,30.4091449,-106.94947366085,32.4032824154739,0.8971724717799113,0.61260007352015
8.527974367141724,5.02941536,30.59569248,-107.562977786049,27.5917285196792,0.8930298598179078,0.6382715602356097
8.552177906036377,4.47480206,30.70681189,-108.14723550198,22.9633325602137,0.8892210878914494,0.662493549432636
8.576188802719116,3.93238874,30.81741785,-108.68915724053,18.520350079831,0.8856959223056974,0.6852502546026096
8.601337194442749,3.36083595,30.88577201,-109.175609152388,14.2643699534958,0.8823963863933401,0.7065444776226748
8.626026630401611,2.82846217,30.96662011,-109.59341839816,10.1966327841899,0.8792578119316277,0.7263923630232809
8.649818658828735,2.28140824,31.02062882,-109.929367858544,6.31832458559561,0.8762097787045383,0.7448183988872553
8.674000024795532,1.75813651,31.08011936,-110.170186357342,2.63083263460987,0.8731763567274089,0.761852534587243
8.697958707809448,1.19845778,31.08509631,-110.302540370694,-0.864047585657873,0.8700765222854022,0.7775273676727839
8.722089767456055,0.65520623,31.08796038,-110.313032725154,-4.16396288589027,0.866824774289875,0.7918748651215959
8.746181011199951,0.1088867,31.07127608,-110.188212996159,-7.26591593472324,0.8633318597591256,0.8049226922343279
8.775983810424805,-0.4332866,31.0404479,-109.914603291643,-10.1662444084833,0.859506587389099,0.8166912233950239
8.805464506149292,-0.97994017,30.98594025,-109.478741918497,-12.8606651468421,0.8552584499745699,0.8271923570858903
8.834477424621582,-1.51856638,30.92229129,-108.867246149386,-15.3443797989114,0.8504970328144336,0.836428552491436
8.858554601669312,-2.05670411,30.84038952,-108.066894017275,-17.6122358196059,0.8451282884589798,0.8443911496463632
8.882426261901855,-2.59167272,30.74321161,-107.064723814327,-19.6589344839016,0.8390536728022098,0.8510594780670744
8.908209085464478,-3.11854319,30.63802484,-105.848148829925,-21.4792759227162,0.8321718649742718,0.8564012670341227
8.931808948516846,-3.64295861,30.51677583,-104.405083895787,-23.0684301150777,0.8243818753045723,0.8603743177923703
8.955533981323242,-4.15897217,30.38923259,-102.724079556726,-24.4222223259398,0.8155857742186257,0.8629286029916413
8.979352474212646,-4.68817392,30.23090278,-100.794459219752,-25.5374216558548,0.8056875601376398,0.8640066507869592
9.003445625305176,-5.19183648,30.0885156,-98.6064544825067,-26.4120221246546,0.7945917200723446,0.8635436914270596
9.027514696121216,-5.68380708,29.94366825,-96.1513340136866,-27.0455069584554,0.7822038931713964,0.8614692574875602
9.056892395019531,-6.16518307,29.79675324,-93.4215218457873,-27.4390883582446,0.7684323540947864,0.8577099094317856
9.085819005966187,-6.62977123,29.65508683,-90.4107016840786,-27.5959168306295,0.7531895699475082,0.8521915909038994
9.11342167854309,-7.08187883,29.51380816,-87.1139047534146,-27.5212559781076,0.7363934972902006,0.8448413756999016
9.137321472167969,-7.51434169,29.37753444,-83.5275797299573,-27.2226203231887,0.7179681557379571,0.835587670494501
9.161245822906494,-7.9240657,29.25063274,-79.6496443484132,-26.7098751514833,0.6978460521756531,0.8243587955528837
9.191339492797852,-8.31496987,29.12661985,-75.4795192713719,-25.9952984225001,0.6759730653860005,0.8110851573074838
9.221861124038696,-8.68268619,29.00770445,-71.0181456934806,-25.0936054731177,0.652307628737894,0.79570438884907
9.25067925453186,-9.02496842,28.89637559,-66.2679888600826,-24.0219375228994,0.6268157218749772,0.7781631990790056
9.274330854415894,-9.34151348,28.78955605,-61.2330301746373,-22.7998149248299,0.5994696861697633,0.7584160985327401
9.298406600952148,-9.62927202,28.689703,-55.9187508149705,-21.4490557589035,0.5702561240151035,0.73641758244565
9.322340965270996,-9.89191514,28.59278524,-50.3321097582039,-19.9936598333317,0.5391805721937633,0.712117207073044
9.34704327583313,-10.12016202,28.50407174,-44.4815188397317,-18.4596575515845,0.5062551671798078,0.6854691821182034
9.377426147460938,-10.32028948,28.41771334,-38.3768169590708,-16.8749225359607,0.4714898805602631,0.6564374752374835
9.407941818237305,-10.47996969,28.35634005,-32.0292448323796,-15.268946480005,0.43490546464778107,0.6249900779705702
9.438427686691284,-10.62884945,28.25928507,-25.4514208420493,-13.6725745363629,0.396570012872677,0.5910825327062575
9.468904733657837,-10.72616203,28.20253061,-18.657317617934,-12.1176997185294,0.3566241931192853,0.5546095904131684
9.499094486236572,-10.79481407,28.13210729,-11.662238088255,-10.6369153698228,0.31530437965351327,0.5151641251199791
9.529376029968262,-10.83649465,28.08227592,-4.48278895670013,-9.26312576934182,0.2730303717007951,0.4716660409522357
9.56026840209961,-10.84447269,28.00791322,2.86315102377074,-8.02911639837429,0.23034597496915943,0.4225597256584903
9.590506553649902,-10.82207896,27.95704104,10.3564709232413,-6.96708724170133,0.18765041640659544,0.36657336340592483
9.620336294174194,-10.7659689,27.90490972,17.9768785838549,-6.10815466788786,0.14511497099144674,0.3031754255057471
9.650590419769287,-10.66497003,27.85429362,25.7029652183616,-5.48182980119452,0.1028234057414918,0.2326562294666398
9.68048882484436,-10.53742469,27.8160564,33.5122855505637,-5.11548370664161,0.06069685168922511,0.1561673468575979
9.709988117218018,-10.36726671,27.76958439,41.3814544600075,-5.03381196480275,0.018259213181569752,0.07591689062860583
9.739083290100098,-10.12174933,27.76057683,49.2862600202982,-5.25831310500988,-0.025262111167602477,-0.0043701017632941045
9.768592119216919,-9.8542925,27.7409995,57.201791737495,-5.80679669268749,-0.07061183677040796,-0.07986620275037602
9.79755711555481,-9.54161751,27.73663988,65.1025818298981,-6.69293745778665,-0.11834033553696895,-0.14613199599480953
9.822550773620605,-9.20315538,27.69897946,72.9627566310194,-7.92589159840469,-0.16882016878489572,-0.19992393719682355
9.846491575241089,-8.81602417,27.6729134,80.7561946898708,-9.50999027325541,-0.22229007279392007,-0.23919935084931174
9.87178373336792,-8.39182024,27.64253077,88.4566878756203,-11.4445233664105,-0.27887156459325224,-0.2629958524989941
9.89584732055664,-7.92027014,27.59993383,96.0381017434531,-13.7236239840542,-0.33857650516781507,-0.27118864233673573
9.924929857254028,-7.42667656,27.53894148,103.47453156797,-16.3362609738018,-0.4012987472199453,-0.2642638541146252
9.954046726226807,-6.89186238,27.46417423,110.740450770622,-19.2663432071686,-0.46680881413002295,-0.24315559014013194
9.983258247375488,-6.30767165,27.37144142,117.810848949899,-22.492935618689,-0.5347555478931314,-0.20911943832855437
10.012920141220093,-5.69063562,27.26332931,124.661357339923,-25.9905832426865,-0.6046753170868391,-0.16363820744549484
10.041948795318604,-5.06012965,27.12130684,131.268360238898,-29.7297359162462,-0.6760055952408635,-0.10835366098474555
10.070905447006226,-4.38140915,26.96347477,137.60909174069,-33.6772630943972,-0.748107764451768,-0.0449970115422125
10.099538087844849,-3.66876661,26.78410815,143.661717922716,-37.7970454905319,-0.8203045061589518,0.024677672564778153
10.128482341766357,-2.93353316,26.57857313,149.405405434364,-42.0506281135504,-0.8919145911761203,0.09894963653439087
10.156860113143921,-2.17269141,26.34769432,154.820378162024,-46.3979177891172,-0.9622780782042772,0.17618427150412852
10.182204008102417,-1.384043,26.09599163,159.887964272651,-50.7979074474706,-1.0307787914821984,0.2548804806173384
10.206021785736084,-0.58193887,25.81847035,164.590636407094,-55.2094093164811,-1.0968616747820683,0.33370509315292207
10.234660625457764,0.25353022,25.52178822,168.912048094443,-59.5917796352322,-1.16004392606777,0.4115140687634625
10.263608455657959,1.11102539,25.20402738,172.837069549764,-63.9056185203336,-1.2199213202977717,0.4873629008489708
10.28754186630249,1.97810492,24.86676702,176.351825905691,-68.1134300788458,-1.2761686822104024,0.5605028830182341
10.311695337295532,2.86870882,24.51003973,179.443740636654,-72.1802296624269,-1.328536459221491,0.6303687006219948
10.337439775466919,3.76479876,24.13068022,182.101586459883,-76.0740871774379,-1.3768453715521132,0.6965624445780437
10.361578702926636,4.67788506,23.73627336,184.315545384631,-79.7665975080671,-1.4209783984278332,0.7588315782915731
10.390687704086304,5.60735681,23.34525748,186.077278844368,-83.2332712767766,-1.4608716719625645,0.8170437077713427
10.414734840393066,6.53093807,22.91330473,187.380008005793,-86.4538412738097,-1.4965050088381784,0.871163173348236
10.43871784210205,7.46379805,22.46378895,188.218603462039,-89.4124818846724,-1.5278929334062399,0.9212314773563035
10.463232278823853,8.40091057,22.00215267,188.589682617872,-92.0979406941831,-1.5550767233041825,0.9673471820639503
10.487192869186401,9.35099821,21.55808504,188.491712195591,-94.5035831257247,-1.578116922770047,1.0096449269120957
10.516690731048584,10.28955199,21.07947025,187.925112509915,-96.6273524851857,-1.5970871782361997,1.0482815892323718
10.54606032371521,11.22211129,20.5814361,186.892359504699,-98.4716490958072,-1.6120698209052564,1.083430046721041
10.575462818145752,12.16078856,20.09822189,185.398080065609,-100.043133331933,-1.6231527071041925,1.1152712099729651
10.604272842407227,13.0883131,19.59856695,183.449135857507,-101.352458306485,-1.6304270000074106,1.1439865540290588
10.632928371429443,13.99445595,19.0765868,181.054690869171,-102.413938754723,-1.6339856940690467,1.1697568669092913
10.661834716796875,14.90093098,18.56806447,178.226258008144,-103.245163330223,-1.6339231455076775,1.1927610226834373
10.691229581832886,15.79175264,18.05413505,174.977720451232,-103.866558107398,-1.6303354962459367,1.2131739976876015
10.720635652542114,16.66394915,17.53467193,171.32532399084,-104.300909579457,-1.6233212279586724,1.2311676121272934
10.750040531158447,17.47930435,16.98693907,167.287637317415,-104.572855872747,-1.6129813762038545,1.2469105256589035
10.77936339378357,18.30039705,16.45412464,162.885478003542,-104.708355263374,-1.59942100486088,1.2605687942126935
10.808497428894043,19.15877761,15.9660876,158.141802877371,-104.734141361906,-1.5827530345930847,1.2723102325229845
10.838302612304688,19.91601265,15.4252618,153.081562514247,-104.677174508113,-1.5630975935447275,1.2823023659150423
10.863964080810547,20.69646407,14.91776154,147.731520734561,-104.564098941484,-1.5405799349785014,1.290707748042099
10.887523889541626,21.41176205,14.38664292,142.120041246711,-104.420715148882,-1.5153327127254745,1.297685052234737
10.911399602890015,22.12152101,13.87300186,136.276844873826,-104.271476457487,-1.4874963713775684,1.3033883631118353
10.93501877784729,22.78433047,13.34684463,130.232742028004,-104.139018456371,-1.4572189339898909,1.3079659938083399
10.958712816238403,23.41820919,12.82512535,124.019346154306,-104.04372923494,-1.4246561162947777,1.3115591513847074
10.98247241973877,24.02068281,12.30396154,117.668774686366,-104.003367751605,-1.3899710456241565,1.3143000252656707
11.006656169891357,24.58971785,11.78370708,111.213344567793,-104.032736888186,-1.353334395776967,1.3163111981950433
11.030379295349121,25.12630715,11.26360463,104.68526959474,-104.143416919407,-1.3149238694457697,1.3177047858154514
11.054213047027588,25.62493686,10.74058879,98.1163667138278,-104.343564217145,-1.2749220928371654,1.3185807687980278
11.086780309677124,26.09353832,10.21838232,91.5377779787449,-104.637778998892,-1.2335145152710703,1.319025587556453
11.118051767349243,26.52789727,9.69596429,84.9797141749912,-105.027044820828,-1.1908899292733033,1.3191126349082034
11.143580675125122,26.92931516,9.17138384,78.4712252034691,-105.50874129501,-1.147240357954135,1.3189028695215659
11.167498350143433,27.33729544,8.67411435,72.0400012220066,-106.076730167994,-1.1027599864075903,1.3184475922450016
11.196565866470337,27.63644841,8.1144992,65.7122073520588,-106.72151345798,-1.0576421927366881,1.317789303551198
11.222340106964111,27.97316192,7.60889987,59.5123535013408,-107.430460822295,-1.012072905045215,1.3169565212880916
11.246336936950684,28.23568786,7.06469121,53.4631995710285,-108.188101771503,-0.9662284761204177,1.3159620370835712
11.270297527313232,28.48551017,6.52402003,47.5856950355178,-108.976476830749,-0.9202826309089128,1.314808128568383
11.300883531570435,28.70059141,5.97636858,41.8989506270188,-109.775540325065,-0.8744121522303978,1.313491146254397
11.33248257637024,28.89204165,5.4261963,36.4202386843827,-110.563606207656,-0.8287949517903063,1.3120010249276313
11.35706901550293,29.06155398,4.8728115,31.16501769033,-111.317827298307,-0.7836066896266143,1.310320665891675
11.387086868286133,29.20641298,4.31556187,26.1469756884976,-112.014697478256,-0.7390187884569037,1.3084247633396977
11.416163682937622,29.31080469,3.73581295,21.3780867096336,-112.630565827739,-0.6951893853274327,1.3062763751783133
11.44516658782959,29.41175422,3.17085305,16.8686740928055,-113.14215139164,-0.6522584914983525,1.3038251235379166
11.474084615707397,29.49265074,2.60246926,12.6274747010595,-113.527047202229,-0.6103589039402013,1.3010090629530238
11.501487493515015,29.59549399,2.07372622,8.6616985310321,-113.764202364091,-0.5696207161828396,1.2977586604227227
11.525408029556274,29.62186651,1.49153757,4.97707910425681,-113.834371376933,-0.5301613162238068,1.294001130883755
11.549473285675049,29.62588989,0.89218552,1.57791126605598,-113.72052041328,-0.492078282085393,1.2896668501505095
11.579755306243896,29.63662062,0.32208418,-1.53292548587124,-113.408181012054,-0.45545212224919673,1.284687328494603
11.609961986541748,29.63257969,-0.24378717,-4.35395839733255,-112.885742610291,-0.42035152793063235,1.2789862628161388
11.639820098876953,29.61372518,-0.80755793,-6.88512619858196,-112.144676522368,-0.38683819321056495,1.272480862667145
11.670583248138428,29.57983997,-1.36812954,-9.12779425363896,-111.179685349466,-0.35496665819374706,1.2650924553963068
11.694555521011353,29.56755158,-1.88224782,-11.0847757672251,-109.988773274737,-0.3247828709269172,1.2567477185208766
11.718716144561768,29.48486557,-2.45154884,-12.7603535071238,-108.573234234077,-0.29632859857990385,1.2473743319207236
11.742480278015137,29.41788418,-2.9900019,-14.1602956374188,-106.937556531057,-0.26964392752337574,1.2369057624411912
11.766302108764648,29.32906421,-3.53071485,-15.2918588435826,-105.089244113655,-0.24476149824306168,1.2252804969149993
11.796766519546509,29.24103412,-4.0542805,-16.1637720673486,-103.038556510826,-0.22169968719501765,1.2124393015662276
11.827844381332397,29.14334708,-4.57156404,-16.7861949080398,-100.798171360509,-0.20046551025225973,1.1983330361815
11.85717511177063,29.04896083,-5.07184744,-17.1706460687064,-98.3827755290976,-0.18106301696419821,1.182935531148957
11.881076097488403,28.92822854,-5.58584615,-17.3298990548794,-95.808592993976,-0.16349139985335961,1.1662524763698277
11.910369157791138,28.82865568,-6.06091066,-17.2778445500319,-93.0928598526188,-0.14773151584899816,1.1483171201222604
11.939749956130981,28.72824286,-6.52679992,-17.029321345907,-90.2532589567642,-0.13373825881713883,1.1291794609207126
11.968980073928833,28.63462012,-6.97582326,-16.5999202214419,-87.307328653061,-0.12144448616760191,1.1088972965327304
11.998250007629395,28.54636628,-7.40943949,-16.0057675421083,-84.2718618152366,-0.11076999328993493,1.087532018193991
12.0278902053833,28.46715718,-7.8256324,-15.2632973978348,-81.1623126773072,-0.10162866177182334,1.0651480265697806
12.056241989135742,28.39628862,-8.22388605,-14.3890226374663,-77.9922298170109,-0.09392544353712136,1.0418019091166943
12.084794044494629,28.33629831,-8.60327012,-13.3993160561191,-74.7727339129941,-0.08754028404120494,1.0174999466123837
12.114097118377686,28.28412905,-8.96482494,-12.3102131639665,-71.5120585638921,-0.08231858399601664,0.9921705853598604
12.143542289733887,28.24052438,-9.30738757,-11.1372473733173,-68.2151714726188,-0.07808994534442809,0.9657199725156236
12.173406600952148,28.203929,-9.63167671,-9.89532710021967,-64.8834916493418,-0.07469945722636225,0.938102794296589
12.203041076660156,28.17663499,-9.93573773,-8.59866225506736,-61.514715993461,-0.07202530371126042,0.9093373457576981
12.232540845870972,28.15506192,-10.22105205,-7.26074500373921,-58.1027657118423,-0.069977178911532,0.8794953842486726
12.25840449333191,28.13934432,-10.48715921,-5.89438666359722,-54.6378595791137,-0.06848585284700386,0.8486872164981343
12.282095670700073,28.12901233,-10.73549771,-4.51180933295792,-51.1067171475266,-0.06749305547675667,0.8170368300526129
12.306185007095337,28.1230422,-10.96169244,-3.12478752828467,-47.4928907781007,-0.06694354073771537,0.7846613119709485
12.330088138580322,28.11631162,-11.17629205,-1.74483191919491,-43.7772209395233,-0.06677951938823547,0.751660466005148
12.354059934616089,28.11522192,-11.37165453,-0.383404400630187,-39.9384047742755,-0.06693489241753763,0.7181014342566295
12.384323120117188,28.11666927,-11.54995669,0.94784860087086,-35.9536636366397,-0.0673297641867777,0.6839989986712895
12.41417932510376,28.11980971,-11.71054945,2.23685937708575,-31.7994913588897,-0.06786676979962666,0.6493039074817174
12.438187837600708,28.12405812,-11.85515809,3.47091446003169,-27.4524615764104,-0.06842818610379357,0.6139030759695816
12.467254638671875,28.14022086,-11.98233811,4.63645823200828,-22.8900697023551,-0.06887389196716671,0.5776240023719981
12.49779987335205,28.15032914,-12.08801433,5.71893969632249,-18.0915832311019,-0.06904245155124125,0.5402383511698153
12.527578592300415,28.16064253,-12.17296587,6.70271591819391,-13.0388730698932,-0.06875414665218552,0.5014686178857758
12.556804656982422,28.17526573,-12.23741183,7.57102332591275,-7.71719861564642,-0.06781238229365716,0.46099515497798527
12.58604121208191,28.19510926,-12.27794249,8.30602508975426,-2.11592033635045,-0.06600006342613951,0.41846663881735985
12.615134477615356,28.22055859,-12.29288819,8.88893931278964,3.77088434076324,-0.06308627794090181,0.3735149125611046
12.644914865493774,28.24899507,-12.27870273,9.30024895470084,9.94392305185665,-0.05884320480250807,0.3257873022402481
12.673911809921265,28.28349838,-12.23459813,9.51999047622759,16.39832583979,-0.05305206367629341,0.2749821913655372
12.702592611312866,28.32001177,-12.16079448,9.52811435571602,23.1234307437018,-0.045559374506686845,0.22084024940259717
12.726635456085205,28.38588912,-12.02756027,9.30490710266064,30.1027255844436,-0.036384363873373564,0.163159575251428
12.754161596298218,28.42896908,-11.87694221,8.83146136210914,37.3139486381548,-0.025756899057633294,0.10186507508787757
12.778066635131836,28.47227733,-11.68759769,8.09017831175628,44.7293455642704,-0.01404543940555572,0.03706280227526665
12.80704927444458,28.51505067,-11.45800408,7.06528488927097,52.3160747644306,-0.0016772669652413532,-0.030872176517610095
12.83692193031311,28.55584454,-11.18467702,5.74334748105682,60.0367484774561,0.01090330465863988,-0.10087409769579879
12.86637568473816,28.58786793,-10.87011945,4.11376354435451,67.8500925220701,0.023418299805634247,-0.17051566083737657
12.896052837371826,28.6116769,-10.5141669,2.16921319050883,75.7117038381238,0.03601588063451335,-0.23621673660315518
12.925633907318115,28.62699439,-10.11486431,-0.0939460195493256,83.5748819844372,0.049221852333315996,-0.29449173388248034
12.955080270767212,28.63831219,-9.66979801,-2.67535598851563,91.391508633195,0.0636451588178013,-0.3428104109959356
12.984876871109009,28.6242944,-9.18659054,-5.57041927156873,99.1129479453933,0.07980635196083521,-0.3796675898651621
13.014710903167725,28.61281491,-8.64714832,-8.77015432607348,106.690940551405,0.09811571521091333,-0.40444372268392076
13.038598537445068,28.54915849,-8.10649012,-12.2611515118308,114.078464695853,0.11887355186746831,-0.4172858145993334
13.062944173812866,28.50954519,-7.47465861,-16.0256332519896,121.230539898782,0.14226969090176342,-0.4190053216547936
13.086829900741577,28.40416209,-6.85184651,-20.0416184350026,128.104951137964,0.16839307082760835,-0.4109596007202952
13.11613154411316,28.30036551,-6.17514046,-24.2831878866605,134.662874966978,0.19724061401136414,-0.39490988590454074
13.140138149261475,28.17454103,-5.46622295,-28.7208446797502,140.869393003398,0.2287188567605164,-0.37286282226894024
13.164101600646973,28.02360015,-4.72897018,-33.3219602631728,146.693882679671,0.26265389765237007,-0.34689841625113105
13.188579320907593,27.86399059,-3.95394121,-38.0512949495686,152.110279882404,0.2988069494473181,-0.3190040776576509
13.212597131729126,27.63963591,-3.18535496,-42.8715792532856,157.097212919039,0.3368880070747162,-0.2909383393882311
13.242018938064575,27.43102443,-2.36250318,-47.7441409675477,161.638011934587,0.37656899259198734,-0.26413784675680535
13.271490573883057,27.15934601,-1.54856268,-52.6295617687581,165.720602274611,0.41749626825288255,-0.2396703717255334
13.29632568359375,26.87815777,-0.70835094,-57.4883465766182,169.337294145242,0.4593013143387224,-0.21822699274892302
13.325377941131592,26.56489685,0.12842801,-62.2815888993255,172.484484103055,0.501610631718222,-0.20014777812853757
13.354694843292236,26.26606666,1.02669519,-66.971615939652,175.162286308711,0.5440541114823504,-0.18546962445269202
13.383637189865112,25.8867805,1.87565947,-71.5225982748212,177.374113005475,0.5862712404064466,-0.1739847141622365
13.412952423095703,25.5082386,2.75594621,-75.901110393365,179.126224334878,0.6279168349006434,-0.16530464331071856
13.442456483840942,25.11370266,3.64646443,-80.0766302057091,180.427267376817,0.6686662919103712,-0.15892398194252186
13.471967935562134,24.69634329,4.5363934,-84.0219677664521,181.287823232638,0.7082194077165764,-0.1542762206911933
13.49738097190857,24.2635391,5.43242935,-87.7136157793175,181.719979157186,0.7463029729960677,-0.1507795057768002
13.521406888961792,23.80813017,6.32295724,-91.1320168996126,181.736940295813,0.7826726434607576,-0.1478722803972989
13.550374031066895,23.33884704,7.21762782,-94.2617452989082,181.35269262475,0.8171141266976392,-0.14503873397546752
13.579246282577515,22.85732,8.11093646,-97.0916023348957,180.581725401558,0.8494438586573936,-0.14182513907347669
13.608295917510986,22.37156782,9.00595862,-99.6146283995766,179.43881795541,0.8795093126474687,-0.13784860143202754
13.637815713882446,21.87238959,9.89460049,-101.828035032626,177.938892134318,0.9071887489378286,-0.13279921277228368
13.66544795036316,21.33964212,10.7615425,-103.733063149279,176.096928360107,0.9323902372631416,-0.1264367145927155
13.689716339111328,20.82823079,11.64394616,-105.334774700606,173.927940137137,0.9550507907550959,-0.11858505003890674
13.714945554733276,20.27155127,12.46609265,-106.641786247282,171.446999148343,0.9751357619412545,-0.10912611342663912
13.739147663116455,19.78072836,13.37301868,-107.665953779128,168.669300869265,0.9926373290715717,-0.09799141560687802
13.768670320510864,19.23111445,14.20226262,-108.422018619705,165.610259012273,1.0075725248136052,-0.08515322460576656
13.798043489456177,18.69169896,15.02837044,-108.927224419498,162.285616182575,1.0199817132577453,-0.07061703406148859
13.82750654220581,18.15175051,15.84191276,-109.200915067383,158.711557904512,1.0299269547698031,-0.05441542901976124
13.856742143630981,17.60581785,16.6337255,-109.264122876797,154.904817623403,1.037489904116123,-0.0366025098721531
13.885727643966675,17.06841686,17.40881888,-109.139155707969,150.882761347526,1.0427697754529117,-0.017249481691963987
13.916133403778076,16.52035059,18.16075204,-108.849190828605,146.663442159576,1.0458811872783014,0.00355872405915072
13.945961952209473,15.97990664,18.89327486,-108.417882337777,142.265616789348,1.0469518012886643,0.025726277662293386
13.975112915039062,15.4409899,19.60187684,-107.8689879406,137.70871872358,1.0461203347947479,0.04914775799332016
14.0043044090271,14.90520486,20.28687245,-107.226019786836,133.012784812167,1.043534507251828,0.07370910826506165
14.033878803253174,14.37273894,20.94771867,-106.511923011398,128.198334917536,1.0393488291279152,0.09928866142277606
14.062886953353882,13.84537873,21.58557892,-105.748784569951,123.286206748884,1.0337225805849906,0.1257577323482881
14.0924973487854,13.31948946,22.19500343,-104.957573956557,118.297350505043,1.0268179157750594,0.15298116946453036
14.122084379196167,12.79484146,22.77510613,-104.157916461657,113.252590241299,1.0187981044594812,0.18081800875372256
14.14772891998291,12.29554483,23.36120777,-103.367898794676,108.172360872311,1.0098258576180137,0.20912246400258888
14.171656847000122,11.76010687,23.85800983,-102.603906175299,103.076431329311,1.0000622010489806,0.237745151080902
14.20081901550293,11.24943422,24.35942522,-101.880489429384,97.9836255330973,0.9896652969881345,0.26653429386161065
14.229848623275757,10.73934689,24.83210689,-101.210260226667,92.9115534411552,0.97878842120137,0.29533731381597494
14.259137392044067,10.23071501,25.2791475,-100.603812375123,87.8763644241265,0.9675784065520059,0.3240029882044052
14.288024187088013,9.72637873,25.69883119,-100.069667045617,82.8925346310333,0.9561748401925622,0.35238366659405573
14.31675410270691,9.22213909,26.08775465,-99.6142399073175,77.9726988442731,0.9447092748266869,0.38033753222832517
14.345465898513794,8.72435474,26.45691884,-99.2418283647643,73.1275356628302,0.9333042516409726,0.4077313505852888
14.374486207962036,8.23854632,26.80536372,-98.9546173767286,68.3657127737204,0.9220723504405517,0.43444300775111133
14.398698568344116,7.7290503,27.11724377,-98.7527026556198,63.6938966493111,0.9111150154606324,0.4603647505784462
14.428768634796143,7.24777492,27.42076934,-98.6341303710125,59.1168283434076,0.9005215423369113,0.4854056491892723
14.458631992340088,6.73589327,27.68396197,-98.5949527978884,54.6374642605668,0.8903683945200176,0.5094927700376908
14.487018823623657,6.24993501,27.94012065,-98.6292996325924,50.257177945381,0.8807183109796212,0.5325725040463348
14.510698556900024,5.74711696,28.16951194,-98.7294649458779,45.9760162129657,0.8716196261933539,0.5546106259605009
14.53471326828003,5.26617452,28.39032107,-98.8860099222886,41.793000440429,0.8631056543522834,0.5755916583549265
14.5586519241333,4.78744423,28.60395611,-99.0878816137459,37.7064616869032,0.8551941708856607,0.5955174282733744
14.582631349563599,4.25859035,28.75444301,-99.3225479012881,33.714396626177,0.8478866996218767,0.6144070230754894
14.606627941131592,3.76610612,28.91873546,-99.576148701697,29.8148301420556,0.841168487176887,0.6322944619183524
14.636108875274658,3.2798761,29.06995669,-99.8336631782946,26.0061699044604,0.8350093533004053,0.6492220622850667
14.665196180343628,2.80232148,29.22035687,-100.07909234013,22.2875383512448,0.8293638375613974,0.6652368714336794
14.69459867477417,2.28601146,29.31405206,-100.295655926933,18.6590682555662,0.8241713584903455,0.6803892148909944
14.718597888946533,1.78090582,29.40806325,-100.4660018889,15.1221494491244,0.8193571649974235,0.6947290130850847
14.742546081542969,1.30100418,29.50700793,-100.572426115555,11.6796162381846,0.8148337302660548,0.7082995246933287
14.768146991729736,0.7943382,29.56452735,-100.597099383044,8.33586748719905,0.8105022658916865,0.7211330201391895
14.792188882827759,0.29216382,29.60748446,-100.522297839935,5.09691413083568,0.806254211973365,0.7332492577454311
14.821620464324951,-0.20781781,29.6376161,-100.330632775628,1.9703518656368,0.8019729308527641,0.744652580160799
14.849958658218384,-0.71275336,29.6433282,-100.005274949233,-1.03474018549171,0.7975359680853489,0.7553290154105349
14.873913288116455,-1.20656832,29.64248803,-99.5301684523963,-3.90797110409948,0.7928174379669528,0.7652451347558588
14.897942066192627,-1.70616606,29.61562954,-98.8902289623981,-6.63787368095166,0.7876917733201005,0.7743492763117912
14.923565864562988,-2.20131575,29.57414902,-98.0715213231624,-9.21219505490895,0.7820363510713456,0.7825734198776838
14.947603225708008,-2.6901508,29.51908753,-97.0614116898727,-11.6182318977296,0.7757295633407308,0.7898332797535867
14.977026462554932,-3.17190531,29.45152791,-95.848689981545,-13.8431982528298,0.768650446021421,0.7960292350085019
15.006369829177856,-3.66399396,29.35124145,-94.4236590928713,-15.8746134194341,0.7606815223403653,0.8010494052105601
15.035975694656372,-4.10319324,29.29477226,-92.7781882236585,-17.700697154825,0.7517132191625466,0.8047734388591858
15.059924125671387,-4.60119012,29.14902622,-90.9057287598047,-19.3107599205834,0.741647210343254,0.8070770547613869
15.08390474319458,-5.05843488,29.03503611,-88.8012923673868,-20.6955768676229,0.7303945373800063,0.8078350739988711
15.109900712966919,-5.50332829,28.91665725,-86.4613923165003,-21.847735654494,0.7178742139525798,0.8069219783767416
15.133940935134888,-5.93555804,28.79557012,-83.8839504732857,-22.7619499000244,0.7040150286905438,0.8042146744184907
15.158100366592407,-6.353692,28.67396338,-81.0681738236239,-23.4353319284893,0.6887569091241497,0.799596956383744
15.1820809841156,-6.70444746,28.61172621,-78.0144057150405,-23.8676202942552,0.672051089190771,0.7929618256565675
15.206059217453003,-7.1407267,28.43279871,-74.7239581279051,-24.0613592144593,0.6538597517277372,0.7842159957010153
15.231933832168579,-7.45976753,28.37546344,-71.1989321674251,-24.0220283989226,0.6341579073662418,0.7732828585374583
15.262342691421509,-7.85249393,28.20787118,-67.4420345881398,-23.7581228229268,0.6129357958908419,0.7601032191429904
15.293209075927734,-8.17964093,28.09903008,-63.4563985333602,-23.2811827704829,0.5901951830493728,0.7446400757946304
15.324678659439087,-8.48349736,27.99403892,-59.2454168114684,-22.6057750331135,0.5659435545760892,0.7268784109825154
15.355491638183594,-8.76152117,27.89580846,-54.812595904363,-21.7494265092846,0.5401986292800065,0.7068158184249378
15.384888887405396,-9.01717783,27.79913621,-50.1614384629276,-20.7325116249818,0.5129913496330966,0.6844578877008666
15.414005279541016,-9.24658438,27.70725141,-45.2953612390188,-19.5780950005559,0.4843531314082363,0.6598261744896552
15.441232204437256,-9.45006963,27.61805268,-40.2176542018363,-18.3117306607714,0.45430542794505535,0.63296176756578
15.465088844299316,-9.62936443,27.54102072,-34.9314850206542,-16.9612189051096,0.4228697936668292,0.6039189524438351
15.488988399505615,-9.77948895,27.44958345,-29.4399512246012,-15.5563218225608,0.3900967634984921,0.5727487170136815
15.513863325119019,-9.90210969,27.38070093,-23.74618026229,-14.1284384499105,0.35608326924276335,0.539461596297496
15.5379056930542,-10.00022555,27.29825281,-17.8534754893654,-12.7102408219689,0.32096560618410974,0.5039236305224541
15.56658411026001,-10.07043608,27.22798922,-11.7655039176453,-11.3352727006446,0.2849886654599712,0.4655540919896611
15.590461254119873,-10.10606274,27.16832642,-5.48651947628225,-10.0375136146772,0.24854936948991085,0.4232279116519859
15.61431884765625,-10.11448022,27.12149438,0.978386328329445,-8.85091197184805,0.21201191315061285,0.375780163437495
15.638640642166138,-10.09160306,27.06041764,7.62301602134655,-7.80889236044131,0.1755353748619059,0.3225132847112169
15.66257119178772,-10.04161827,27.00853018,14.4397908700844,-6.94384365448709,0.13911749483044164,0.26332309024449296
15.686730146408081,-9.95720678,26.96468354,21.419480243533,-6.28659608588292,0.10271753241999644,0.19867896265816765
15.71050238609314,-9.84665515,26.92929847,28.5509473899964,-5.86589694066834,0.06618779753268565,0.12961407582299558
15.734387159347534,-9.68061203,26.90042186,35.8209231156659,-5.70789585937462,0.029061370117074787,0.057849435521753284
15.766856670379639,-9.50828504,26.8671185,43.2138180710621,-5.83565174497899,-0.009367767687892726,-0.013746225454660865
15.797014713287354,-9.2899778,26.83445228,50.711583132124,-6.2686738854767,-0.049763065905543524,-0.08129410402373444
15.822318315505981,-8.98688758,26.83869288,58.2936257747149,-7.02250998813338,-0.09264077470680593,-0.14108541986787868
15.852593898773193,-8.69067433,26.79908503,65.9367884766214,-8.10839334257285,-0.138387015490397,-0.19032209468968533
15.882656812667847,-8.34064371,26.78427848,73.6153931273324,-9.53296027049729,-0.18726129739933972,-0.22716730276824715
15.911752223968506,-8.00343334,26.70517322,81.3013532608975,-11.2980474266292,-0.23941810507125322,-0.25065756934152095
15.940609216690063,-7.54899906,26.6845586,88.9643536996836,-13.4005764834049,-0.29493175577590103,-0.26050602511339555
15.96947169303894,-7.13528287,26.5758567,96.5720949500639,-15.832531381103,-0.3537903111866645,-0.2569167322711933
15.998530864715576,-6.5854678,26.54516307,104.09059751529,-18.5810307711347,-0.4158816536881827,-0.2404471944224003
16.028436183929443,-6.07254692,26.44162095,111.484559290338,-21.6284956151498,-0.4809806897622701,-0.21192247964446045
16.05815887451172,-5.47440945,26.34184167,118.717757495894,-24.9529092088739,-0.5487431347742947,-0.17237479692949598
16.08210587501526,-4.88714983,26.19538995,125.753485281441,-28.528164272468,-0.6187094610915953,-0.12300501241763043
16.10612726211548,-4.21292446,26.06025052,132.555012199777,-32.3244893017485,-0.6903139336664991,-0.06515393292044754
16.136399745941162,-3.54416225,25.87659952,139.086057239868,-36.3089442316022,-0.7629067841014008,-0.00026439618355837967
16.166253566741943,-2.83861877,25.67342433,145.311262980651,-40.445973725356,-0.8357860211863841,0.0701590600891191
16.197001695632935,-2.08963585,25.45552663,151.196659667585,-44.698005130536,-0.9082281908547003,0.14459977314697633
16.227481365203857,-1.28669392,25.23857035,156.710108612434,-49.0260773536031,-0.9795170427084623,0.2215840741996268
16.25766944885254,-0.4835267,24.97611459,161.82171524668,-53.3904865863942,-1.0489675914299912,0.29972901853858025
16.288779973983765,0.32069352,24.66968564,166.50420337273,-57.7514349265451,-1.1159454209501058,0.377782205839488
16.319342374801636,1.17136881,24.36412087,170.733243605279,-62.0696684406922,-1.1798827786696944,0.45465102149674214
16.3488028049469,2.04205914,24.0392254,174.487730580851,-66.3070920838316,-1.2402906258091748,0.5294201137261271
16.37244439125061,2.93273467,23.69792894,177.750005138603,-70.4273500510295,-1.2967638443055263,0.6013568667131794
16.396328926086426,3.82869043,23.32893853,180.506019303946,-74.3963615233429,-1.3489812398731542,0.6699063774625671
16.420189142227173,4.73824455,22.94410392,182.745443476848,-78.1828032733645,-1.3967025063079737,0.7346783177092465
16.444514274597168,5.65975385,22.54416164,184.461716707422,-81.7585321330671,-1.4397628317250106,0.7954279332858851
16.468419790267944,6.58895858,22.13462116,185.652042297109,-85.0989418399758,-1.4780654154872324,0.8520331027700849
16.497832775115967,7.51821761,21.70271905,186.317332125705,-88.1832502161073,-1.5115726112889882,0.9044703990948758
16.525246381759644,8.45106519,21.25976968,186.462104064337,-90.9947139848764,-1.5402971201656177,0.9527927581397162
16.54927682876587,9.38348749,20.80205879,186.09433755555,-93.5207697873211,-1.5642936184198521,0.9971086267925809
16.57339882850647,10.32390448,20.34279303,185.225292893929,-95.7531011339862,-1.583651093758636,1.0375637114804097
16.5991632938385,11.22219698,19.83231944,183.869299931236,-97.6876321693377,-1.5984852730138948,1.0743260268895103
16.62336039543152,12.08816581,19.30866334,182.043521841366,-99.324450270286,-1.6089311418219348,1.1075721083945158
16.652872323989868,13.03969027,18.83955707,179.767699211787,-100.667660671393,-1.6151407469171088,1.137480688203891
16.678459882736206,13.89352629,18.30820634,177.063879156509,-101.725177512127,-1.61728062646268,1.1642293731175213
16.702420234680176,14.76460509,17.78977805,173.956133442154,-102.508456868282,-1.6155249673510967,1.1879873219233044
16.726419687271118,15.6824764,17.32086854,170.470268915261,-103.032178382234,-1.6100554791565587,1.2089165335669696
16.756314754486084,16.48700746,16.77563447,166.633532932752,-103.313882975471,-1.6010597830338869,1.2271720805897166
16.786521673202515,17.30055675,16.24945306,162.474316069947,-103.373574755015,-1.5887264090086497,1.242898601809849
16.817270517349243,18.10048272,15.73010778,158.02185415765,-103.233295619679,-1.5732464419863523,1.2562349771702732
16.84161925315857,18.92720289,15.2524367,153.305931664755,-102.916681234728,-1.5548148841243148,1.2673184265469417
16.870529651641846,19.6916932,14.74359602,148.35658858237,-102.448506973613,-1.533628367358504,1.27628404813677
16.894678831100464,20.40946036,14.22483873,143.203833291591,-101.854232137815,-1.5098816920970648,1.2832625318876474
16.91851568222046,21.11268445,13.71597845,137.87736435643,-101.159550280935,-1.48376692197382,1.2883809359182785
16.94290256500244,21.78882267,13.21072567,132.406304675209,-100.389952837818,-1.4554747576428195,1.2917661198042911
16.96695327758789,22.43788799,12.70962486,126.818951854115,-99.570312581865,-1.4251940690868858,1.293545089493732
16.996065378189087,23.05802,12.21417199,121.142548944433,-98.7244927499394,-1.393110728036328,1.293843805557707
17.025622129440308,23.65482082,11.72834884,115.40307976706,-97.8749869941607,-1.3594069322273656,1.2927865844015165
17.05500078201294,24.21098372,11.23806494,109.625092946559,-97.0425946524725,-1.3242607080599158,1.290496119843196
17.08424949645996,24.73515509,10.74924707,103.831558471565,-96.2461351539634,-1.2878445357895867,1.2870929993517117
17.113614320755005,25.25710156,10.28603695,98.043760094156,-95.5022046950891,-1.25032410170966,1.2826949638459386
17.142295598983765,25.71311973,9.79691389,92.2812261837685,-94.8249776488811,-1.2118578415779067,1.2774162605931023
17.16919255256653,26.15369259,9.32270836,86.5617007565222,-94.2260544939313,-1.1725966876780174,1.2713668982530764
17.19308876991272,26.56734356,8.853564,80.9011553447961,-93.7143573924772,-1.1326849323166222,1.264653350017525
17.22171926498413,26.95242075,8.38606251,75.3138411776318,-93.2960739013945,-1.0922597237579061,1.2573805501393025
17.245647430419922,27.31205588,7.92316446,69.8123798534212,-92.9746486540457,-1.0514499140042781,1.2496521327543306
17.275001287460327,27.64326374,7.46034286,64.407889375655,-92.7508222022187,-1.0103717059745385,1.2415649938964919
17.30403971672058,27.94925165,6.99983054,59.1101411523987,-92.6227155384231,-0.9691263555129084,1.2332058794167748
17.333170175552368,28.2270887,6.53756378,53.9277423910129,-92.5859581210921,-0.9278095190963619,1.2246554930575644
17.362491846084595,28.48391614,6.07924942,48.8683373165222,-92.6338565211452,-0.886517775845616,1.215991029331449
17.38646674156189,28.71303937,5.61274009,43.9388198412408,-92.7576001021669,-0.8453472746018428,1.2072856880586642
17.41024613380432,28.92098396,5.15334327,39.1455497600827,-92.94649946384,-0.8043921516183096,1.1986067454500982
17.43409252166748,29.1057864,4.68740199,34.4945642764924,-93.1882527454752,-0.7637432373050107,1.1900119927814472
17.463330268859863,29.26961848,4.22085752,29.9917766983003,-93.4692343107613,-0.7234819698218486,1.1815478965715251
